{
  "epoch": 1,
  "val_weighted_l1": 0.6032403707504272,
  "val_pwv_aux": 0.07278584688901901
}