{
  "epoch": 1,
  "val_weighted_l1": 0.6078755259513855,
  "val_pwv_aux": 0.0730666071176529
}