{
  "epoch": 1,
  "val_weighted_l1": 0.42203985899686813,
  "val_pwv_aux": 0.07188951224088669
}