{
  "rank": 2,
  "score": 4.803921699523926,
  "case_name": "20250814",
  "start_file": "2025-08-14-21-06-00.png",
  "target_max": 4.803921699523926,
  "extreme_pixels": 0,
  "event_thresholds": {
    "P95": 4.9432373046875,
    "P99": 7.1392822265625
  }
}