{
  "protocol": "pwv_birth_growth_v1",
  "paired_seed_results": [
    {
      "seed": 2026,
      "samples": 32,
      "sample_sha256": "1a296abe2f260d029772ea7479495399616f4270e2bbe74a523202172a413dae",
      "radar_mae": 0.28179466040046125,
      "birth_growth_mae": 0.31897957148375333,
      "radar_rmse": 1.4673684271745246,
      "zero_pwv_mae": 0.318365243629173,
      "zero_pwv_rmse": 1.4623973887722896,
      "birth_growth_rmse": 1.4627389323373292,
      "zero_pwv_birth_pr_auc": 0.014540944843383644,
      "birth_pr_auc": 0.004851042225627933,
      "zero_pwv_growth_pr_auc": 0.044086844703208054,
      "growth_pr_auc": 0.020189374550687374,
      "birth_pod": 0.015978935218583176,
      "birth_far": 0.9922641707121154,
      "positive_source_mae_active": 13.19352598844405,
      "birth_pr_auc_delta_vs_zero_pwv": -0.009689902617755711,
      "growth_pr_auc_delta_vs_zero_pwv": -0.02389747015252068,
      "radar_csi_10p0": 0.0,
      "zero_pwv_csi_10p0": 0.0,
      "birth_growth_csi_10p0": 0.0,
      "radar_csi_20p0": 0.0,
      "zero_pwv_csi_20p0": 0.0,
      "birth_growth_csi_20p0": 0.0
    }
  ],
  "aggregate_across_seeds": {
    "birth_far": {
      "mean": 0.9922641707121154,
      "std": 0.0,
      "n": 1
    },
    "birth_growth_csi_10p0": {
      "mean": 0.0,
      "std": 0.0,
      "n": 1
    },
    "birth_growth_csi_20p0": {
      "mean": 0.0,
      "std": 0.0,
      "n": 1
    },
    "birth_growth_mae": {
      "mean": 0.31897957148375333,
      "std": 0.0,
      "n": 1
    },
    "birth_growth_rmse": {
      "mean": 1.4627389323373292,
      "std": 0.0,
      "n": 1
    },
    "birth_pod": {
      "mean": 0.015978935218583176,
      "std": 0.0,
      "n": 1
    },
    "birth_pr_auc": {
      "mean": 0.004851042225627933,
      "std": 0.0,
      "n": 1
    },
    "birth_pr_auc_delta_vs_zero_pwv": {
      "mean": -0.009689902617755711,
      "std": 0.0,
      "n": 1
    },
    "growth_pr_auc": {
      "mean": 0.020189374550687374,
      "std": 0.0,
      "n": 1
    },
    "growth_pr_auc_delta_vs_zero_pwv": {
      "mean": -0.02389747015252068,
      "std": 0.0,
      "n": 1
    },
    "positive_source_mae_active": {
      "mean": 13.19352598844405,
      "std": 0.0,
      "n": 1
    },
    "radar_csi_10p0": {
      "mean": 0.0,
      "std": 0.0,
      "n": 1
    },
    "radar_csi_20p0": {
      "mean": 0.0,
      "std": 0.0,
      "n": 1
    },
    "radar_mae": {
      "mean": 0.28179466040046125,
      "std": 0.0,
      "n": 1
    },
    "radar_rmse": {
      "mean": 1.4673684271745246,
      "std": 0.0,
      "n": 1
    },
    "zero_pwv_birth_pr_auc": {
      "mean": 0.014540944843383644,
      "std": 0.0,
      "n": 1
    },
    "zero_pwv_csi_10p0": {
      "mean": 0.0,
      "std": 0.0,
      "n": 1
    },
    "zero_pwv_csi_20p0": {
      "mean": 0.0,
      "std": 0.0,
      "n": 1
    },
    "zero_pwv_growth_pr_auc": {
      "mean": 0.044086844703208054,
      "std": 0.0,
      "n": 1
    },
    "zero_pwv_mae": {
      "mean": 0.318365243629173,
      "std": 0.0,
      "n": 1
    },
    "zero_pwv_rmse": {
      "mean": 1.4623973887722896,
      "std": 0.0,
      "n": 1
    },
    "paired_delta_mae_minus_radar": {
      "mean": 0.03718491108329208,
      "std": 0.0,
      "n": 1
    },
    "paired_delta_mae_minus_zero_pwv": {
      "mean": 0.000614327854580321,
      "std": 0.0,
      "n": 1
    },
    "paired_delta_rmse_minus_radar": {
      "mean": -0.004629494837195436,
      "std": 0.0,
      "n": 1
    },
    "paired_delta_rmse_minus_zero_pwv": {
      "mean": 0.0003415435650395704,
      "std": 0.0,
      "n": 1
    },
    "paired_delta_csi_10p0_minus_radar": {
      "mean": 0.0,
      "std": 0.0,
      "n": 1
    },
    "paired_delta_csi_10p0_minus_zero_pwv": {
      "mean": 0.0,
      "std": 0.0,
      "n": 1
    },
    "paired_delta_csi_20p0_minus_radar": {
      "mean": 0.0,
      "std": 0.0,
      "n": 1
    },
    "paired_delta_csi_20p0_minus_zero_pwv": {
      "mean": 0.0,
      "std": 0.0,
      "n": 1
    }
  },
  "interpretation_note": "Seed-level summaries are not event-bootstrap confidence intervals."
}