{
  "rank": 1,
  "score": 4007.960784435272,
  "case_name": "20250807",
  "start_file": "2025-08-07-07-00-00.png",
  "target_max": 7.960784435272217,
  "extreme_pixels": 4,
  "event_thresholds": {
    "P95": 4.9432373046875,
    "P99": 7.1392822265625
  }
}