{
  "epoch": 1,
  "val_weighted_l1": 0.4220992624759674,
  "val_pwv_aux": 0.07145019248127937
}