{
  "rank": 0,
  "score": 290017.2941169739,
  "case_name": "20250723",
  "start_file": "2025-07-23-00-00-00.png",
  "target_max": 17.294116973876953,
  "extreme_pixels": 290,
  "event_thresholds": {
    "P95": 4.9432373046875,
    "P99": 7.1392822265625
  }
}